{
  "1.png": {
    "position": [
      -0.006005708319633925,
      11.044191463511767,
      -1.739482350804673
    ],
    "look_at": [
      0.0,
      0.0,
      0.0
    ],
    "up": [
      0.0,
      1.0,
      0.0
    ]
  },
  "10.png": {
    "position": [
      11.180320662831676,
      0.007638334198567486,
      -0.019275168204718574
    ],
    "look_at": [
      0.0,
      0.0,
      0.0
    ],
    "up": [
      0.0,
      1.0,
      0.0
    ]
  },
  "11.png": {
    "position": [
      6.5029012188455875,
      0.007640665372151127,
      9.094625740412239
    ],
    "look_at": [
      0.0,
      0.0,
      0.0
    ],
    "up": [
      0.0,
      1.0,
      0.0
    ]
  },
  "12.png": {
    "position": [
      -3.175164777634656e-14,
      0.007646422422681446,
      11.180337272740218
    ],
    "look_at": [
      0.0,
      0.0,
      0.0
    ],
    "up": [
      0.0,
      1.0,
      0.0
    ]
  },
  "2.png": {
    "position": [
      0.008645314670697594,
      -11.14906499701953,
      -0.8356284765181087
    ],
    "look_at": [
      0.0,
      0.0,
      0.0
    ],
    "up": [
      0.0,
      1.0,
      0.0
    ]
  },
  "3.png": {
    "position": [
      -0.012589248543817868,
      -11.143028265716717,
      0.9125582612956628
    ],
    "look_at": [
      0.0,
      0.0,
      0.0
    ],
    "up": [
      0.0,
      1.0,
      0.0
    ]
  },
  "4.png": {
    "position": [
      0.009566624118509821,
      11.15880826806886,
      0.6934742361329541
    ],
    "look_at": [
      0.0,
      0.0,
      0.0
    ],
    "up": [
      0.0,
      1.0,
      0.0
    ]
  },
  "5.png": {
    "position": [
      -10.500526927840854,
      0.21203146131635023,
      3.833272348412084
    ],
    "look_at": [
      0.0,
      0.0,
      0.0
    ],
    "up": [
      0.0,
      1.0,
      0.0
    ]
  },
  "6.png": {
    "position": [
      -11.180173736867124,
      0.05782200850596275,
      -0.01928286281054471
    ],
    "look_at": [
      0.0,
      0.0,
      0.0
    ],
    "up": [
      0.0,
      1.0,
      0.0
    ]
  },
  "7.png": {
    "position": [
      -5.827155871370521,
      -0.1732305705576202,
      -9.54013865833072
    ],
    "look_at": [
      0.0,
      0.0,
      0.0
    ],
    "up": [
      0.0,
      1.0,
      0.0
    ]
  },
  "8.png": {
    "position": [
      0.038548402167450785,
      0.21201477105928385,
      -11.1782630027005
    ],
    "look_at": [
      0.0,
      0.0,
      0.0
    ],
    "up": [
      0.0,
      1.0,
      0.0
    ]
  },
  "9.png": {
    "position": [
      7.320101991310424,
      0.05777538678656943,
      -8.450607601912177
    ],
    "look_at": [
      0.0,
      0.0,
      0.0
    ],
    "up": [
      0.0,
      1.0,
      0.0
    ]
  }
}